{
  "id": "",
  "name": "",
  "font_family": "iconfont",
  "css_prefix_text": "icon-",
  "description": "",
  "glyphs": [
    {
      "icon_id": "584248",
      "name": "右箭头",
      "font_class": "iconfontjiantou2",
      "unicode": "e632",
      "unicode_decimal": 58930
    },
    {
      "icon_id": "720957",
      "name": "购物车",
      "font_class": "xiazai1",
      "unicode": "e600",
      "unicode_decimal": 58880
    },
    {
      "icon_id": "745814",
      "name": "礼物",
      "font_class": "liwu",
      "unicode": "e605",
      "unicode_decimal": 58885
    },
    {
      "icon_id": "1009990",
      "name": "话费充值",
      "font_class": "huafeichongzhi",
      "unicode": "e633",
      "unicode_decimal": 58931
    },
    {
      "icon_id": "1232443",
      "name": "sim卡",
      "font_class": "simqia",
      "unicode": "e728",
      "unicode_decimal": 59176
    },
    {
      "icon_id": "1836646",
      "name": "手机",
      "font_class": "shouji",
      "unicode": "e6f3",
      "unicode_decimal": 59123
    },
    {
      "icon_id": "2880718",
      "name": "微博",
      "font_class": "weibo",
      "unicode": "e634",
      "unicode_decimal": 58932
    },
    {
      "icon_id": "3449662",
      "name": "视频播放",
      "font_class": "shipinbofang",
      "unicode": "e62b",
      "unicode_decimal": 58923
    },
    {
      "icon_id": "3535897",
      "name": "7天无理由",
      "font_class": "tianwuliyou",
      "unicode": "e635",
      "unicode_decimal": 58933
    },
    {
      "icon_id": "5877519",
      "name": "时间",
      "font_class": "biaoqing",
      "unicode": "e620",
      "unicode_decimal": 58912
    },
    {
      "icon_id": "6568979",
      "name": "维修",
      "font_class": "weixiu",
      "unicode": "e601",
      "unicode_decimal": 58881
    },
    {
      "icon_id": "8311323",
      "name": "回顶部",
      "font_class": "huidingbu",
      "unicode": "e715",
      "unicode_decimal": 59157
    },
    {
      "icon_id": "8568860",
      "name": "向右圆箭头 右箭头 线性",
      "font_class": "xiangyouyuanjiantouyoujiantouxianxing",
      "unicode": "e507",
      "unicode_decimal": 58631
    },
    {
      "icon_id": "9096400",
      "name": "我 的",
      "font_class": "wode",
      "unicode": "e503",
      "unicode_decimal": 58627
    },
    {
      "icon_id": "9364424",
      "name": "微信",
      "font_class": "weixin",
      "unicode": "e71c",
      "unicode_decimal": 59164
    },
    {
      "icon_id": "11364338",
      "name": "左箭头",
      "font_class": "left-arrow",
      "unicode": "e502",
      "unicode_decimal": 58626
    },
    {
      "icon_id": "14809451",
      "name": "定位",
      "font_class": "location",
      "unicode": "e501",
      "unicode_decimal": 58625
    },
    {
      "icon_id": "15775057",
      "name": "放大镜",
      "font_class": "fangdajing",
      "unicode": "e602",
      "unicode_decimal": 58882
    },
    {
      "icon_id": "16304450",
      "name": "人工客服",
      "font_class": "rengongkefu",
      "unicode": "e646",
      "unicode_decimal": 58950
    },
    {
      "icon_id": "16583118",
      "name": "15天无理由退货",
      "font_class": "15",
      "unicode": "e504",
      "unicode_decimal": 58628
    },
    {
      "icon_id": "17700591",
      "name": "消息 (1)",
      "font_class": "xiaoxi1",
      "unicode": "e60f",
      "unicode_decimal": 58895
    },
    {
      "icon_id": "19307187",
      "name": "右箭头",
      "font_class": "zuojiantou",
      "unicode": "e50b",
      "unicode_decimal": 58635
    },
    {
      "icon_id": "20177700",
      "name": "F码通道",
      "font_class": "Fmatongdao",
      "unicode": "e7b8",
      "unicode_decimal": 59320
    },
    {
      "icon_id": "20643937",
      "name": "以旧换新",
      "font_class": "yijiuhuanxin",
      "unicode": "e603",
      "unicode_decimal": 58883
    },
    {
      "icon_id": "20644048",
      "name": "企业团购-01",
      "font_class": "qiyetuangou-01",
      "unicode": "e604",
      "unicode_decimal": 58884
    }
  ]
}
